Titulo,Empresa,Link,Página
Estágio em Testes e Análise em Redes Móveis-Laboratório,Eldorado,https://inatel.br/estudante/vagas/estagio-em-testes-e-analise-em-redes-moveis-laboratorio-eldorado,1
Estágio de Engenharia-Produto de Qualidade de Energia,Hitachi Energy,https://inatel.br/estudante/vagas/estagio-de-engenharia-produto-de-qualidade-de-energia-hitachi-energy,1
Estágio Engenharia de Manufatura e Processos,TE,https://inatel.br/estudante/vagas/estagio-engenharia-de-manufatura-e-processos-te,1
Estágio em Desenvolvimento de Software,Leucotron,https://inatel.br/estudante/vagas/estagio-em-desenvolvimento-de-software-leucotron,1
Estagiário de Engenharia,Exsto,https://inatel.br/estudante/vagas/estagiario-de-engenharia-exsto,1
Estágio,TCU,https://inatel.br/estudante/vagas/estagio-tcu,1
Projeto Crescer Tech 2026,Volkswagen,https://inatel.br/estudante/vagas/projeto-crescer-tech-2026-volkswagen,1
Estágio2026,Jadlog,https://inatel.br/estudante/vagas/estagio2026-jadlog,1
Programa de Estágio,GM,https://inatel.br/estudante/vagas/programa-de-estagio-gm,1
Estágio em Engenharia,Equipacare,https://inatel.br/estudante/vagas/estagio-em-engenharia-equipacare,1
Estagiário de Software em Processamento de Fala,Sidi,https://inatel.br/estudante/vagas/estagiario-de-software-em-processamento-de-fala-sidi,1
Programa de Estágio 2026,Vivo,https://inatel.br/estudante/vagas/programa-de-estagio-2026-vivo,1
Estágio em PCE-Aviação Executiva,TAM,https://inatel.br/estudante/vagas/estagio-em-pce-aviacao-executiva-tam,2
Estágio Engenharia,Genial Telecon,https://inatel.br/estudante/vagas/estagio-genial-telecon,2
Estágio em Engenharia de Manufatura e Processos,TE,https://inatel.br/estudante/vagas/estagio-em-engenharia-de-manufatura-e-processos-te,2
Estagiário Desenvolvimento Mobile,Stefanini,https://inatel.br/estudante/vagas/estagiario-desenvolvimento-mobile-stefanini,2
Estágio em Gestão de Testes de Produto-Câmera,Eldorado,https://inatel.br/estudante/vagas/estagio-em-gestao-de-testes-de-produto-camera-eldorado,2
Estágio em Engenharia,Veolia,https://inatel.br/estudante/vagas/estagio-em-engenharia-veolia,2
Programa de Estágio,Weg,https://inatel.br/estudante/vagas/programa-de-estagio-weg,2
Estágio em Análise de Dados,Samsung,https://inatel.br/estudante/vagas/estagio-em-analise-de-dados-samsung,2
Estágio Automação de Processos,Movida,https://inatel.br/estudante/vagas/estagio-automacao-de-processos-movida,2
Banco de Talentos|Estágio em SCADA,Automa,https://inatel.br/estudante/vagas/banco-de-talentosestagio-em-scada-automa,2
Vaga de Estágio–Desenvolvimento(Node.js,PHP)/ N3A,https://inatel.br/estudante/vagas/vaga-de-estagio-desenvolvimento-node-js-php-n3a,2
Estágio em Gerenciamento de Projetos,Eldorado,https://inatel.br/estudante/vagas/estagio-em-gerenciamento-de-projetos-eldorado,2
Estágio em Melhoria Contínua-OPEX,Mahle,https://inatel.br/estudante/vagas/estagio-em-melhoria-continua-opex-mahle,3
Estágio de Engenharia Elétrica,Invenzi,https://inatel.br/estudante/vagas/estagio-de-engenharia-eletrica-invenzi,3
Programa de Estágio 2026-Processos e Inovação,Scania,https://inatel.br/estudante/vagas/programa-de-estagio-2026-processos-e-inovacao-scania,3
Estágio em TI,TAM Aviação Executiva,https://inatel.br/estudante/vagas/estagio-em-ti-tam-aviacao-executiva,3
Estágio,Nissan,https://inatel.br/estudante/vagas/estagio-nissan,3
Estagiário(a) DevOps,4intelligence,https://inatel.br/estudante/vagas/estagiarioa-devops-4intelligence,3
Estágio em EHS(Segurança do Trabalho),TE,https://inatel.br/estudante/vagas/estagio-em-ehsseguranca-do-trabalho-te,3
Estagiário de PCP,HTGD,https://inatel.br/estudante/vagas/estagiario-de-pcp-htgd,3
Estágio em Desenvolvimento de Software 3D,SIDI,https://inatel.br/estudante/vagas/estagio-em-desenvolvimento-de-software-3d-sidi,3
Estagiário(a) Multidisciplinar-Melhoria Contínua,Ball,https://inatel.br/estudante/vagas/estagiarioa-multidisciplinar-melhoria-continua-ball,3
Estágio 2026,CPQD,https://inatel.br/estudante/vagas/estagio-2026-cpqd,3
Estágio Desenvolvimento de Software-Embedded,Linear Denki,https://inatel.br/estudante/vagas/estagio-desenvolvimento-de-software-embedded-linear-denki,3
Estágio Desenvolvimento de Software-Baremetal,Linear Denki,https://inatel.br/estudante/vagas/estagio-desenvolvimento-de-software-baremetal-linear-denki,4
Estágio Gestão de Cadastros,IEL,https://inatel.br/estudante/vagas/estagio-gestao-de-cadastros-iel,4
Estágio de Engenharia-Lançamentos,Adient,https://inatel.br/estudante/vagas/estagio-de-engenharia-lancamentos-adient,4
Programa de Estágio,Big Data Corp,https://inatel.br/estudante/vagas/programa-de-estagio-big-data-corp,4
Estágio em Planejamento,TE,https://inatel.br/estudante/vagas/estagio-em-planejamento-te,4
Estagiário engenharia,Espro,https://inatel.br/estudante/vagas/estagiario-engenharia-espro,4
Estagiário de Dados,Pottencial,https://inatel.br/estudante/vagas/estagiario-de-dados-pottencial,4
Estágio para Atendimento,Crea-MG,https://inatel.br/estudante/vagas/estagio-para-atendimento-crea-mg,4
Estágio em Sucesso do Cliente,Melhor Plano,https://inatel.br/estudante/vagas/estagio-em-sucesso-do-cliente-melhor-plano,4
Estágio em EHS,TE,https://inatel.br/estudante/vagas/estagio-em-ehs-te,4
Estágio em Engenharia Clínica,TechneCare,https://inatel.br/estudante/vagas/estagio-em-engenharia-clinica-technecare,4
Estágio 2026.1,Siemens,https://inatel.br/estudante/vagas/estagio-20261-siemens,4
Estágio Melhoria Contínua,Grupo SBF,https://inatel.br/estudante/vagas/estagio-melhoria-continua-grupo-sbf,5
Estágio em Engenharia de Produção,Leucotron,https://inatel.br/estudante/vagas/estagio-em-engenharia-de-producao-leucotron,5
Estágio Engenharia,Midea,https://inatel.br/estudante/vagas/estagio-engenharia-midea,5
Estágio em desenvolvimento Web-Full Stack,Instituto Eldorado,https://inatel.br/estudante/vagas/estagio-em-desenvolvimento-web-full-stack-instituto-eldorado,5
Estágio em Desenvolvimento de Hardware,Nouvenn,https://inatel.br/estudante/vagas/estagio-em-desenvolvimento-de-hardware-nouvenn,5
Estagiário Técnico-Engenheiro Eletrônico,CCK,https://inatel.br/estudante/vagas/estagiario-tecnico-engenheiro-eletronico-cck,5
Estágio em Compras,Leucotron,https://inatel.br/estudante/vagas/estagio-em-compras-leucotron,5
Vaga de Estágio,Nube,https://inatel.br/estudante/vagas/vaga-de-estagio-nube,5
Programa de Estágio,CPQD,https://inatel.br/estudante/vagas/programa-de-estagio-cpqd,5
Estágio em Engenharia,Helibras,https://inatel.br/estudante/vagas/estagio-em-engenharia-helibras,5
Programa de Estágio,Embraer,https://inatel.br/estudante/vagas/programa-de-estagio-embraer,5
Estágio em Testes de Software,SIDI,https://inatel.br/estudante/vagas/estagio-em-testes-de-software-sidi,5
Estagiário Superior Engenharia,Mahle,https://inatel.br/estudante/vagas/estagiario-superior-engenharia-mahle,6
Estágio Engenharia Telecomunicações Elétrica,Remopt,https://inatel.br/estudante/vagas/estagio-engenharia-telecomunicacoes-eletrica-remopt,6
Estágio de Verão,Instituto de Pesquisas ELDORADO,https://inatel.br/estudante/vagas/estagio-de-verao-instituto-de-pesquisas-eldorado,6
Estágio,Unilever,https://inatel.br/estudante/vagas/estagio-unilever,6
Estágio,Unimed,https://inatel.br/estudante/vagas/estagio-unimed,6
Estágio Engenharia de Software,Oi Bill,https://inatel.br/estudante/vagas/estagio-engenharia-de-software-oi-bill,6
Estágio,Trinia,https://inatel.br/estudante/vagas/estagio-trinia,6
Programa de Estágio,Mercedes Benz,https://inatel.br/estudante/vagas/programa-de-estagio-mercedes-benz,6
Estagiário de Melhoria Contínua,ACG,https://inatel.br/estudante/vagas/estagiario-de-melhoria-continua-acg,6
Estágio,Globo,https://inatel.br/estudante/vagas/estagio-globo,6
Programa de Estágio,Unilever,https://inatel.br/estudante/vagas/programa-de-estagio-unilever,6
Estagiário Superior Qualidade,Mahle,https://inatel.br/estudante/vagas/estagiario-superior-qualidade-mahle,6
Programa de Estágio,3M,https://inatel.br/estudante/vagas/programa-de-estagio-3m,7
Estágio em Qualidade Laboratório,Metagal,https://inatel.br/estudante/vagas/estagio-em-qualidade-laboratorio-metagal,7
Estágio em Qualidade Fornecedor,Metagal,https://inatel.br/estudante/vagas/estagio-em-qualidade-fornecedor-metagal,7
Estágio em Qualidade Atendimento a Cliente,Metagal,https://inatel.br/estudante/vagas/estagio-em-qualidade-atendimento-a-cliente-metagal,7
Pessoa Estagiária de Nível Superior 14h às 20h Segurança Eletrônica,Intelbras,https://inatel.br/estudante/vagas/pessoa-estagiaria-de-nivel-superior-14h-as-20h-seguranca-eletronica-intelbras,7
Pessoa Estagiária de Nível Superior Segurança Eletrônica,Intelbras,https://inatel.br/estudante/vagas/pessoa-estagiaria-de-nivel-superior-seguranca-eletronica-intelbras,7
Pessoa Estagiária Nível Superior,Intelbras,https://inatel.br/estudante/vagas/pessoa-estagiaria-nivel-superior-intelbras,7
Estágio em Qualidade,Ocellott,https://inatel.br/estudante/vagas/estagio-em-qualidade-ocellott,7
Human Resources Intern,Midea,https://inatel.br/estudante/vagas/human-resources-intern-midea,7
Estágio Multidisciplinar Melhoria Contínua,Ball,https://inatel.br/estudante/vagas/estagio-multidisciplinar-melhoria-continua-ball,7
Estágio em Telecomunicações Móveis Suporte Atoll,BWTECH,https://inatel.br/estudante/vagas/estagio-em-telecomunicacoes-moveis-suporte-atoll-bwtech,7
Programa de Estágio,Boeing,https://inatel.br/estudante/vagas/programa-de-estagio-boeing,7
Programa Trainee,Sulamérica e Rede D'Or,https://inatel.br/estudante/vagas/programa-trainee-sulamerica-e-rede-dor,8
Estagiário de Assistência Técnica,Clear CFTV,https://inatel.br/estudante/vagas/estagiario-de-assistencia-tecnica-clear-cftv,8
Programa de Estágio,CPFL,https://inatel.br/estudante/vagas/programa-de-estagio-cpfl,8
Estágio Segurança da Informação,A.C.Camargo Cancer,https://inatel.br/estudante/vagas/estagio-seguranca-da-informacao-accamargo-cancer,8
Estágio em Telecomunicações Santa Rita do Sapucaí,Huawei,https://inatel.br/estudante/vagas/estagio-em-telecomunicacoes-santa-rita-do-sapucai-huawei,8
Estágio em Performance Produtiva,Ferrero,https://inatel.br/estudante/vagas/estagio-em-performance-produtiva-ferrero,8
Estágio Desenhista Técnico,Eng Legho,https://inatel.br/estudante/vagas/estagio-desenhista-tecnico-eng-legho,8
Estagiário de Engenharia Eletrônica,Ocellott,https://inatel.br/estudante/vagas/estagiario-de-engenharia-eletronica-ocellott,8
Estágio Brasil,Microsoft,https://inatel.br/estudante/vagas/estagio-brasil-microsoft,8
Estágio em Engenharia de Manutenção,Licav,https://inatel.br/estudante/vagas/estagio-em-engenharia-de-manutencao-licav,8
Estágio Engenharia de Processos Métodos e Tempos,Dexco,https://inatel.br/estudante/vagas/estagio-engenharia-de-processos-metodos-e-tempos-dexco,8
Estágio em Engenharia de Desenvolvimento,Sense/TE,https://inatel.br/estudante/vagas/estagio-em-engenharia-de-desenvolvimento--sensete,8
Estágio em Desenvolvimento de Software Android,SiDi,https://inatel.br/estudante/vagas/estagio-em-desenvolvimento-de-software-android-sidi,9
Estagiária,Estagiário de Inteligência de Mercado/ Votorantim Cimentos,https://inatel.br/estudante/vagas/estagiaria-estagiario-de-inteligencia-de-mercado-votorantim-cimentos,9
Estagiário de Assistência Técnica,Clear CFTV,https://inatel.br/estudante/vagas/estagiario-de-assistencia-tecnica--clear-cftv,9
Estágio em Automação de Processo RPA,Companhia Siderúrgica Nacional CSN,https://inatel.br/estudante/vagas/estagio-em-automacao-de-processo-rpa-companhia-siderurgica-nacional-csn,9
Estágio em Técnico em Eletrônica,Leucotron,https://inatel.br/estudante/vagas/estagio-em-tecnico-em-eletronica--leucotron,9
Estágio em Cadastro de Fornecedores,Saint-Gobain,https://inatel.br/estudante/vagas/estagio-em-cadastro-de-fornecedores-saint-gobain,9
Estágio Remoto em Perícias de Engenharia,APR Perícias e Treinamentos Ltda,https://inatel.br/estudante/vagas/estagio-em-apr-pericias-e-treinamentos-ltda,9
Estagio em Desenvolvimento de Software,Gertec,https://inatel.br/estudante/vagas/estagio-em-desenvolvimento-de-software-gertec,9
Estágio em Gestão de Dados e BI,Rumo Logística,https://inatel.br/estudante/vagas/estagio-em-gestao-de-dados-e-bi-rumo-logistica,9
Estagiário(a) em Engenharia Mecânica,Gohuntrh,https://inatel.br/estudante/vagas/estagiarioa-em-engenharia-mecanica-gohuntrh,9
Programa de Estágio RPA,Smarthis,https://inatel.br/estudante/vagas/programa-de-estagio-rpa-smarthis,9
Estágio Produção (Tecnologista),Magvatech Latam,https://inatel.br/estudante/vagas/estagio-producao-tecnologista-magvatech-latam,9
Programa de Estágio Farmacêutica 2025,Blau,https://inatel.br/estudante/vagas/programa-de-estagio-farmaceutica-2025-blau,10
Estágio em QA,Bernhoeft,https://inatel.br/estudante/vagas/estagio-em-qa-bernhoeft,10
Estágio em Telecomunicações,Huawei,https://inatel.br/estudante/vagas/estagio-em-telecomunicacoes-huawei,10
Estágio em Telecomunicações Móveis,Bwtech,https://inatel.br/estudante/vagas/estagio-em-telecomunicacoes-moveis-bwtech,10
Estágio em Engenharia de Sistemas Embarcados,NENC,https://inatel.br/estudante/vagas/estagio-em-engenharia-de-sistemas-embarcados-nenc,10
Piloto ROV Trainee,Minas Perfil,https://inatel.br/estudante/vagas/piloto-rov-trainee-minas-perfil,10
Estágio em Gestão da Produção,TE,https://inatel.br/estudante/vagas/estagio-em-gestao-da-producao-te,10
Estágio Engenharia Clínica,MG Medical,https://inatel.br/estudante/vagas/estagio-engenharia-clinica-mg-medical,10
Programa Philips Desenvolve 2025  Estágio em Configuração de Equipamentos,Philips,https://inatel.br/estudante/vagas/programa-philips-desenvolve-2025--estagio-em-configuracao-de-equipamentos-philips,10
Estágio em Engenharia Biomédica,ENGECLINIC,https://inatel.br/estudante/vagas/estagio-em-engenharia-biomedica-engeclinic,10
Estágio,Huawei,https://inatel.br/estudante/vagas/estagio-huawei,10
Programa Philips Desenvolve Estágio em Desenvolvimento de Software,Philips,https://inatel.br/estudante/vagas/programa-philips-desenvolve-estagio-em-desenvolvimento-de-software-philips,10
